filepath,label
../Dataset_1/culex/culex (39).jpg,culex
../Dataset_1/aedes/aedes (27).jpg,aedes
../Dataset_1/anopheles/anopheles (58).jpg,anopheles
../Dataset_1/anopheles/anopheles (19).jpg,anopheles
../Dataset_1/anopheles/anopheles (1).jpg,anopheles
../Dataset_1/anopheles/anopheles (31).jpg,anopheles
../Dataset_1/anopheles/anopheles (100).jpg,anopheles
../Dataset_1/culex/culex (117).jpg,culex
../Dataset_1/culex/culex (62).jpg,culex
../Dataset_1/aedes/aedes (34).jpg,aedes
../Dataset_1/culex/culex (9).jpg,culex
../Dataset_1/anopheles/anopheles (32).jpg,anopheles
../Dataset_1/anopheles/anopheles (43).jpg,anopheles
../Dataset_1/culex/culex (94).jpg,culex
../Dataset_1/anopheles/anopheles (23).jpg,anopheles
../Dataset_1/aedes/aedes (65).jpg,aedes
../Dataset_1/aedes/aedes (13).jpg,aedes
../Dataset_1/culex/culex (54).jpg,culex
../Dataset_1/aedes/aedes (154).jpg,aedes
../Dataset_1/aedes/aedes (128).jpg,aedes
../Dataset_1/aedes/aedes (178).jpg,aedes
../Dataset_1/aedes/aedes (165).jpg,aedes
../Dataset_1/culex/culex (58).jpg,culex
../Dataset_1/culex/culex (43).jpg,culex
../Dataset_1/aedes/aedes (181).jpg,aedes
../Dataset_1/anopheles/anopheles (95).jpg,anopheles
../Dataset_1/aedes/aedes (56).jpg,aedes
../Dataset_1/aedes/aedes (6).jpg,aedes
../Dataset_1/anopheles/anopheles (106).jpg,anopheles
../Dataset_1/culex/culex (85).jpg,culex
../Dataset_1/anopheles/anopheles (36).jpg,anopheles
../Dataset_1/aedes/aedes (126).jpg,aedes
../Dataset_1/anopheles/anopheles (71).jpg,anopheles
../Dataset_1/aedes/aedes (186).jpg,aedes
../Dataset_1/aedes/aedes (18).jpg,aedes
../Dataset_1/culex/culex (104).jpg,culex
../Dataset_1/anopheles/anopheles (7).jpg,anopheles
../Dataset_1/aedes/aedes (110).jpg,aedes
../Dataset_1/anopheles/anopheles (94).jpg,anopheles
../Dataset_1/culex/culex (76).jpg,culex
../Dataset_1/aedes/aedes (74).jpg,aedes
../Dataset_1/culex/culex (15).jpg,culex
../Dataset_1/anopheles/anopheles (11).jpg,anopheles
../Dataset_1/aedes/aedes (46).jpg,aedes
../Dataset_1/aedes/aedes (93).jpg,aedes
../Dataset_1/culex/culex (107).jpg,culex
../Dataset_1/aedes/aedes (41).jpg,aedes
../Dataset_1/aedes/aedes (153).jpg,aedes
../Dataset_1/anopheles/anopheles (74).jpg,anopheles
../Dataset_1/aedes/aedes (25).jpg,aedes
../Dataset_1/anopheles/anopheles (51).jpg,anopheles
../Dataset_1/aedes/aedes (86).jpg,aedes
../Dataset_1/anopheles/anopheles (55).jpg,anopheles
../Dataset_1/aedes/aedes (141).jpg,aedes
../Dataset_1/aedes/aedes (30).jpg,aedes
../Dataset_1/anopheles/anopheles (76).jpg,anopheles
../Dataset_1/aedes/aedes (137).jpg,aedes
../Dataset_1/aedes/aedes (9).jpg,aedes
../Dataset_1/culex/culex (6).jpg,culex
../Dataset_1/culex/culex (118).jpg,culex
../Dataset_1/culex/culex (102).jpg,culex
../Dataset_1/aedes/aedes (38).jpg,aedes
../Dataset_1/aedes/aedes (151).jpg,aedes
../Dataset_1/aedes/aedes (116).jpg,aedes
../Dataset_1/aedes/aedes (84).jpg,aedes
../Dataset_1/aedes/aedes (103).jpg,aedes
../Dataset_1/culex/culex (7).jpg,culex
../Dataset_1/culex/culex (26).jpg,culex
../Dataset_1/culex/culex (29).jpg,culex
../Dataset_1/anopheles/anopheles (50).jpg,anopheles
../Dataset_1/aedes/aedes (147).jpg,aedes
../Dataset_1/aedes/aedes (55).jpg,aedes
../Dataset_1/culex/culex (124).jpg,culex
../Dataset_1/culex/culex (8).jpg,culex
../Dataset_1/culex/culex (112).jpg,culex
../Dataset_1/culex/culex (116).jpg,culex
../Dataset_1/anopheles/anopheles (99).jpg,anopheles
../Dataset_1/anopheles/anopheles (68).jpg,anopheles
../Dataset_1/aedes/aedes (162).jpg,aedes
../Dataset_1/culex/culex (120).jpg,culex
../Dataset_1/aedes/aedes (149).jpg,aedes
../Dataset_1/aedes/aedes (49).jpg,aedes
../Dataset_1/aedes/aedes (123).jpg,aedes
../Dataset_1/anopheles/anopheles (47).jpg,anopheles
../Dataset_1/anopheles/anopheles (28).jpg,anopheles
../Dataset_1/aedes/aedes (36).jpg,aedes
../Dataset_1/aedes/aedes (50).jpg,aedes
../Dataset_1/aedes/aedes (134).jpg,aedes
../Dataset_1/aedes/aedes (76).jpg,aedes
../Dataset_1/anopheles/anopheles (63).jpg,anopheles
../Dataset_1/aedes/aedes (160).jpg,aedes
../Dataset_1/culex/culex (87).jpg,culex
../Dataset_1/aedes/aedes (130).jpg,aedes
../Dataset_1/aedes/aedes (132).jpg,aedes
../Dataset_1/aedes/aedes (22).jpg,aedes
../Dataset_1/culex/culex (103).jpg,culex
../Dataset_1/culex/culex (61).jpg,culex
../Dataset_1/aedes/aedes (19).jpg,aedes
../Dataset_1/anopheles/anopheles (34).jpg,anopheles
../Dataset_1/aedes/aedes (69).jpg,aedes
../Dataset_1/anopheles/anopheles (30).jpg,anopheles
../Dataset_1/aedes/aedes (185).jpg,aedes
../Dataset_1/anopheles/anopheles (93).jpg,anopheles
../Dataset_1/culex/culex (37).jpg,culex
../Dataset_1/aedes/aedes (43).jpg,aedes
../Dataset_1/anopheles/anopheles (103).jpg,anopheles
../Dataset_1/anopheles/anopheles (2).jpg,anopheles
../Dataset_1/anopheles/anopheles (4).jpg,anopheles
../Dataset_1/aedes/aedes (2).jpg,aedes
../Dataset_1/aedes/aedes (100).jpg,aedes
../Dataset_1/culex/culex (89).jpg,culex
../Dataset_1/aedes/aedes (94).jpg,aedes
../Dataset_1/culex/culex (105).jpg,culex
../Dataset_1/anopheles/anopheles (77).jpg,anopheles
../Dataset_1/aedes/aedes (83).jpg,aedes
../Dataset_1/culex/culex (52).jpg,culex
../Dataset_1/aedes/aedes (161).jpg,aedes
../Dataset_1/culex/culex (96).jpg,culex
../Dataset_1/anopheles/anopheles (3).jpg,anopheles
../Dataset_1/culex/culex (98).jpg,culex
../Dataset_1/aedes/aedes (140).jpg,aedes
../Dataset_1/aedes/aedes (77).jpg,aedes
../Dataset_1/aedes/aedes (90).jpg,aedes
../Dataset_1/anopheles/anopheles (108).jpg,anopheles
../Dataset_1/anopheles/anopheles (33).jpg,anopheles
../Dataset_1/aedes/aedes (169).jpg,aedes
../Dataset_1/culex/culex (2).jpg,culex
../Dataset_1/aedes/aedes (97).jpg,aedes
../Dataset_1/culex/culex (81).jpg,culex
../Dataset_1/anopheles/anopheles (84).jpg,anopheles
../Dataset_1/aedes/aedes (61).jpg,aedes
../Dataset_1/anopheles/anopheles (122).jpg,anopheles
../Dataset_1/culex/culex (75).jpg,culex
../Dataset_1/culex/culex (51).jpg,culex
../Dataset_1/aedes/aedes (144).jpg,aedes
../Dataset_1/culex/culex (119).jpg,culex
../Dataset_1/aedes/aedes (117).jpg,aedes
../Dataset_1/culex/culex (23).jpg,culex
../Dataset_1/culex/culex (53).jpg,culex
../Dataset_1/culex/culex (55).jpg,culex
../Dataset_1/aedes/aedes (105).jpg,aedes
../Dataset_1/culex/culex (66).jpg,culex
../Dataset_1/aedes/aedes (80).jpg,aedes
../Dataset_1/anopheles/anopheles (64).jpg,anopheles
../Dataset_1/anopheles/anopheles (123).jpg,anopheles
../Dataset_1/aedes/aedes (159).jpg,aedes
../Dataset_1/aedes/aedes (63).jpg,aedes
../Dataset_1/aedes/aedes (166).jpg,aedes
../Dataset_1/anopheles/anopheles (83).jpg,anopheles
../Dataset_1/culex/culex (122).jpg,culex
../Dataset_1/aedes/aedes (82).jpg,aedes
../Dataset_1/culex/culex (46).jpg,culex
../Dataset_1/aedes/aedes (168).jpg,aedes
../Dataset_1/aedes/aedes (39).jpg,aedes
../Dataset_1/aedes/aedes (10).jpg,aedes
../Dataset_1/culex/culex (95).jpg,culex
../Dataset_1/anopheles/anopheles (88).jpg,anopheles
../Dataset_1/culex/culex (111).jpg,culex
../Dataset_1/anopheles/anopheles (90).jpg,anopheles
../Dataset_1/aedes/aedes (146).jpg,aedes
../Dataset_1/anopheles/anopheles (40).jpg,anopheles
../Dataset_1/anopheles/anopheles (12).jpg,anopheles
../Dataset_1/aedes/aedes (51).jpg,aedes
../Dataset_1/anopheles/anopheles (21).jpg,anopheles
../Dataset_1/aedes/aedes (15).jpg,aedes
../Dataset_1/aedes/aedes (156).jpg,aedes
../Dataset_1/aedes/aedes (4).jpg,aedes
../Dataset_1/aedes/aedes (32).jpg,aedes
../Dataset_1/culex/culex (17).jpg,culex
../Dataset_1/culex/culex (63).jpg,culex
../Dataset_1/aedes/aedes (106).jpg,aedes
../Dataset_1/aedes/aedes (163).jpg,aedes
../Dataset_1/aedes/aedes (167).jpg,aedes
../Dataset_1/aedes/aedes (70).jpg,aedes
../Dataset_1/anopheles/anopheles (127).jpg,anopheles
../Dataset_1/anopheles/anopheles (38).jpg,anopheles
../Dataset_1/anopheles/anopheles (8).jpg,anopheles
../Dataset_1/aedes/aedes (136).jpg,aedes
../Dataset_1/anopheles/anopheles (82).jpg,anopheles
../Dataset_1/anopheles/anopheles (86).jpg,anopheles
../Dataset_1/culex/culex (109).jpg,culex
../Dataset_1/aedes/aedes (85).jpg,aedes
../Dataset_1/anopheles/anopheles (25).jpg,anopheles
../Dataset_1/anopheles/anopheles (67).jpg,anopheles
../Dataset_1/aedes/aedes (54).jpg,aedes
../Dataset_1/culex/culex (67).jpg,culex
../Dataset_1/anopheles/anopheles (6).jpg,anopheles
../Dataset_1/aedes/aedes (95).jpg,aedes
../Dataset_1/culex/culex (49).jpg,culex
../Dataset_1/aedes/aedes (99).jpg,aedes
../Dataset_1/aedes/aedes (133).jpg,aedes
../Dataset_1/aedes/aedes (8).jpg,aedes
../Dataset_1/anopheles/anopheles (107).jpg,anopheles
../Dataset_1/culex/culex (59).jpg,culex
../Dataset_1/culex/culex (10).jpg,culex
../Dataset_1/anopheles/anopheles (98).jpg,anopheles
../Dataset_1/aedes/aedes (12).jpg,aedes
../Dataset_1/culex/culex (41).jpg,culex
../Dataset_1/anopheles/anopheles (39).jpg,anopheles
../Dataset_1/anopheles/anopheles (54).jpg,anopheles
../Dataset_1/aedes/aedes (114).jpg,aedes
../Dataset_1/aedes/aedes (71).jpg,aedes
../Dataset_1/anopheles/anopheles (61).jpg,anopheles
../Dataset_1/culex/culex (114).jpg,culex
../Dataset_1/aedes/aedes (62).jpg,aedes
../Dataset_1/culex/culex (30).jpg,culex
../Dataset_1/aedes/aedes (122).jpg,aedes
../Dataset_1/anopheles/anopheles (29).jpg,anopheles
../Dataset_1/culex/culex (56).jpg,culex
../Dataset_1/aedes/aedes (33).jpg,aedes
../Dataset_1/anopheles/anopheles (124).jpg,anopheles
../Dataset_1/aedes/aedes (91).jpg,aedes
../Dataset_1/aedes/aedes (60).jpg,aedes
../Dataset_1/culex/culex (11).jpg,culex
../Dataset_1/aedes/aedes (104).jpg,aedes
../Dataset_1/culex/culex (65).jpg,culex
../Dataset_1/culex/culex (32).jpg,culex
../Dataset_1/aedes/aedes (11).jpg,aedes
../Dataset_1/culex/culex (21).jpg,culex
../Dataset_1/culex/culex (48).jpg,culex
../Dataset_1/culex/culex (121).jpg,culex
../Dataset_1/aedes/aedes (127).jpg,aedes
../Dataset_1/aedes/aedes (164).jpg,aedes
../Dataset_1/culex/culex (73).jpg,culex
../Dataset_1/aedes/aedes (3).jpg,aedes
../Dataset_1/anopheles/anopheles (59).jpg,anopheles
../Dataset_1/anopheles/anopheles (49).jpg,anopheles
../Dataset_1/aedes/aedes (158).jpg,aedes
../Dataset_1/anopheles/anopheles (110).jpg,anopheles
../Dataset_1/aedes/aedes (142).jpg,aedes
../Dataset_1/culex/culex (16).jpg,culex
../Dataset_1/aedes/aedes (58).jpg,aedes
../Dataset_1/anopheles/anopheles (89).jpg,anopheles
../Dataset_1/culex/culex (22).jpg,culex
../Dataset_1/aedes/aedes (118).jpg,aedes
../Dataset_1/anopheles/anopheles (22).jpg,anopheles
../Dataset_1/anopheles/anopheles (24).jpg,anopheles
../Dataset_1/aedes/aedes (109).jpg,aedes
../Dataset_1/culex/culex (106).jpg,culex
../Dataset_1/aedes/aedes (88).jpg,aedes
../Dataset_1/aedes/aedes (48).jpg,aedes
../Dataset_1/culex/culex (79).jpg,culex
../Dataset_1/culex/culex (27).jpg,culex
../Dataset_1/aedes/aedes (148).jpg,aedes
../Dataset_1/culex/culex (44).jpg,culex
../Dataset_1/aedes/aedes (44).jpg,aedes
../Dataset_1/aedes/aedes (16).jpg,aedes
../Dataset_1/aedes/aedes (68).jpg,aedes
../Dataset_1/aedes/aedes (17).jpg,aedes
../Dataset_1/culex/culex (19).jpg,culex
../Dataset_1/anopheles/anopheles (129).jpg,anopheles
../Dataset_1/aedes/aedes (73).jpg,aedes
../Dataset_1/anopheles/anopheles (120).jpg,anopheles
../Dataset_1/aedes/aedes (120).jpg,aedes
../Dataset_1/culex/culex (64).jpg,culex
../Dataset_1/culex/culex (84).jpg,culex
../Dataset_1/anopheles/anopheles (97).jpg,anopheles
../Dataset_1/culex/culex (34).jpg,culex
../Dataset_1/culex/culex (115).jpg,culex
../Dataset_1/aedes/aedes (20).jpg,aedes
../Dataset_1/anopheles/anopheles (105).jpg,anopheles
../Dataset_1/culex/culex (47).jpg,culex
../Dataset_1/aedes/aedes (35).jpg,aedes
../Dataset_1/aedes/aedes (180).jpg,aedes
../Dataset_1/culex/culex (70).jpg,culex
../Dataset_1/aedes/aedes (101).jpg,aedes
../Dataset_1/anopheles/anopheles (35).jpg,anopheles
../Dataset_1/culex/culex (35).jpg,culex
../Dataset_1/aedes/aedes (98).jpg,aedes
../Dataset_1/anopheles/anopheles (26).jpg,anopheles
../Dataset_1/anopheles/anopheles (60).jpg,anopheles
../Dataset_1/anopheles/anopheles (81).jpg,anopheles
../Dataset_1/culex/culex (92).jpg,culex
../Dataset_1/culex/culex (78).jpg,culex
../Dataset_1/aedes/aedes (155).jpg,aedes
../Dataset_1/aedes/aedes (138).jpg,aedes
../Dataset_1/anopheles/anopheles (85).jpg,anopheles
../Dataset_1/anopheles/anopheles (69).jpg,anopheles
../Dataset_1/culex/culex (83).jpg,culex
../Dataset_1/anopheles/anopheles (115).jpg,anopheles
../Dataset_1/anopheles/anopheles (53).jpg,anopheles
../Dataset_1/culex/culex (68).jpg,culex
../Dataset_1/anopheles/anopheles (126).jpg,anopheles
../Dataset_1/aedes/aedes (81).jpg,aedes
../Dataset_1/aedes/aedes (145).jpg,aedes
../Dataset_1/anopheles/anopheles (112).jpg,anopheles
../Dataset_1/aedes/aedes (92).jpg,aedes
../Dataset_1/aedes/aedes (89).jpg,aedes
../Dataset_1/culex/culex (13).jpg,culex
../Dataset_1/aedes/aedes (79).jpg,aedes
../Dataset_1/culex/culex (20).jpg,culex
../Dataset_1/aedes/aedes (188).jpg,aedes
../Dataset_1/anopheles/anopheles (66).jpg,anopheles
../Dataset_1/aedes/aedes (182).jpg,aedes
../Dataset_1/anopheles/anopheles (116).jpg,anopheles
../Dataset_1/anopheles/anopheles (79).jpg,anopheles
../Dataset_1/aedes/aedes (23).jpg,aedes
../Dataset_1/aedes/aedes (75).jpg,aedes
../Dataset_1/culex/culex (60).jpg,culex
../Dataset_1/aedes/aedes (21).jpg,aedes
../Dataset_1/aedes/aedes (172).jpg,aedes
../Dataset_1/anopheles/anopheles (113).jpg,anopheles
../Dataset_1/aedes/aedes (53).jpg,aedes
../Dataset_1/culex/culex (100).jpg,culex
../Dataset_1/aedes/aedes (179).jpg,aedes
../Dataset_1/anopheles/anopheles (118).jpg,anopheles
../Dataset_1/aedes/aedes (125).jpg,aedes
../Dataset_1/anopheles/anopheles (20).jpg,anopheles
../Dataset_1/anopheles/anopheles (9).jpg,anopheles
../Dataset_1/anopheles/anopheles (41).jpg,anopheles
../Dataset_1/anopheles/anopheles (65).jpg,anopheles
../Dataset_1/culex/culex (31).jpg,culex
../Dataset_1/culex/culex (123).jpg,culex
../Dataset_1/culex/culex (86).jpg,culex
../Dataset_1/aedes/aedes (28).jpg,aedes
../Dataset_1/aedes/aedes (143).jpg,aedes
../Dataset_1/culex/culex (33).jpg,culex
../Dataset_1/aedes/aedes (29).jpg,aedes
../Dataset_1/aedes/aedes (72).jpg,aedes
../Dataset_1/culex/culex (82).jpg,culex
../Dataset_1/anopheles/anopheles (10).jpg,anopheles
../Dataset_1/anopheles/anopheles (104).jpg,anopheles
../Dataset_1/culex/culex (77).jpg,culex
../Dataset_1/culex/culex (93).jpg,culex
../Dataset_1/culex/culex (45).jpg,culex
../Dataset_1/anopheles/anopheles (75).jpg,anopheles
../Dataset_1/aedes/aedes (131).jpg,aedes
../Dataset_1/anopheles/anopheles (87).jpg,anopheles
../Dataset_1/aedes/aedes (37).jpg,aedes
../Dataset_1/anopheles/anopheles (57).jpg,anopheles
../Dataset_1/anopheles/anopheles (56).jpg,anopheles
../Dataset_1/culex/culex (108).jpg,culex
../Dataset_1/aedes/aedes (135).jpg,aedes
../Dataset_1/aedes/aedes (119).jpg,aedes
../Dataset_1/anopheles/anopheles (45).jpg,anopheles
../Dataset_1/anopheles/anopheles (44).jpg,anopheles
../Dataset_1/anopheles/anopheles (78).jpg,anopheles
../Dataset_1/aedes/aedes (124).jpg,aedes
../Dataset_1/aedes/aedes (152).jpg,aedes
../Dataset_1/culex/culex (28).jpg,culex
../Dataset_1/anopheles/anopheles (70).jpg,anopheles
../Dataset_1/culex/culex (5).jpg,culex
../Dataset_1/anopheles/anopheles (114).jpg,anopheles
../Dataset_1/aedes/aedes (173).jpg,aedes
../Dataset_1/aedes/aedes (45).jpg,aedes
../Dataset_1/anopheles/anopheles (73).jpg,anopheles
../Dataset_1/aedes/aedes (175).jpg,aedes
../Dataset_1/anopheles/anopheles (13).jpg,anopheles
../Dataset_1/culex/culex (74).jpg,culex
../Dataset_1/aedes/aedes (174).jpg,aedes
../Dataset_1/anopheles/anopheles (18).jpg,anopheles
../Dataset_1/anopheles/anopheles (101).jpg,anopheles
../Dataset_1/culex/culex (12).jpg,culex
